Accuracy,F1 Score,Train Accuracy,Number of Annotations,damping,preference,Train_type,Classes
0.08012031719989061,0.011886204020034406,0.7,10,0.75,-180,Random,2
0.08012031719989061,0.011886204020034406,0.7,10,0.75,-180,BvSB,2
0.08012031719989061,0.011886204020034406,0.7,10,0.75,-180,BvSB,2
0.10076670317634173,0.030830076700689178,0.4666666666666667,15,0.75,-180,BvSB,4
0.10076670317634173,0.030830076700689178,0.4666666666666667,15,0.75,-180,BvSB,4
0.24019742253907322,0.11892061027367856,0.65,20,0.75,-180,BvSB,6
0.24019742253907322,0.11892061027367856,0.65,20,0.75,-180,BvSB,6
0.27073036792970895,0.16186371330100405,0.72,25,0.75,-180,BvSB,7
0.27073036792970895,0.16186371330100405,0.72,25,0.75,-180,BvSB,7
