F_mean,F_min,F_max,F_sum,F_prod,F_std,F_mc,F_zc,F_iqr,F_skew,F_25,F_75,F_kr,F_seg,F_sep
0.9583431729674339,0.318066030740738,1.99375867843628,575.0059037804604,9.214072586405097e-29,0.3317495029095261,0.0,0,0.511635601520541,0.24713636568996833,0.695783674716949,1.20741927623749,-0.6817582994636737,616.9775641797232,-146.0751453713342
-0.050951797135057854,-1.00721299648285,0.570731997489929,-30.571078281034712,-0.0,0.3031694339134126,0.0,64,0.40896283090114605,-0.6415194856536223,-0.236336216330528,0.172626614570618,-0.12684819737769093,56.61276306874334,88.47199424479564
-0.1923323822421177,-0.800881862640381,0.34108629822731,-115.39942934527062,0.0,0.21836697329499144,0.00333889816360601,35,0.31660333834588567,-0.2811885622299569,-0.34519261866807976,-0.0285892803221941,-0.44417182749239004,50.75784403594013,88.47379306043136
-1.5166162166992783,-96.5279083251953,106.499435424805,-909.9697300195669,inf,44.80480393334205,0.00333889816360601,47,73.919677734375,0.15962201149038646,-36.2038116455078,37.7158660888672,-0.9618978108122009,1203854.8776968808,-9734837.670699734
-1.7446951415637875,-111.445259094238,90.7764205932617,-1046.8170849382725,inf,35.865008620411906,0.0,38,49.346923828125,-0.06561734954866062,-26.1455745697021,23.2013492584229,-0.04034888246065016,772319.383844187,-6074518.597233624
1.7141418939766921,-155.034515380859,176.093414306641,1028.4851363860153,inf,60.69714793735863,0.0,64,74.2218017578125,-0.07273419267547955,-32.9764099121094,41.2453918457031,-0.08997620009952456,2208565.086329641,-19754823.536179207
