F_mean,F_min,F_max,F_sum,F_prod,F_std,F_mc,F_zc,F_iqr,F_skew,F_25,F_75,F_kr,F_seg,F_sep
0.9568151304622491,0.245956301689148,1.81176745891571,574.0890782773495,9.013990898704721e-31,0.3459754144594526,0.0,0,0.5682933181524266,0.23412487643711855,0.6734639555215833,1.24175727367401,-0.9173290782300256,620.9968097877181,-161.1141401601656
-0.07885536608499631,-1.28950595855713,0.61054253578186,-47.31321965099779,-0.0,0.3361525517509808,0.0,66,0.408962830901145,-0.812942288530715,-0.26167020201683,0.147292628884315,0.3528722303050533,71.41702554740809,85.16654503109744
-0.18889183718400696,-0.918006777763367,0.436250329017639,-113.33510231040418,-0.0,0.2485837555933362,-0.00333889816360601,53,0.3669304621871564,-0.4332045646588462,-0.3698986619710925,-0.0029681997839361,-0.32445083834641286,58.42261193623726,87.51428350800816
2.3928686020771806,-124.726150512695,124.224044799805,1435.7211612463084,inf,52.744609188286546,0.0,48,77.947998046875,-0.03946978550193193,-36.9087677001953,41.0392303466797,-0.7167055520787056,1669849.777344707,-14182310.254646087
-3.491643373072117,-127.558540344238,90.7764205932617,-2094.9860238432702,inf,40.22509655522686,-0.00333889816360601,35,58.0078125,-0.1215114019309046,-31.6845149993896,26.3232975006104,-0.0958305064604299,976531.9214003484,-7872749.753653344
-0.5927428925037281,-127.641937255859,184.955718994141,-355.6457355022369,inf,63.37476389100813,0.0,62,98.7945556640625,0.05862168234996006,-49.4925231933594,49.3020324707031,-0.7316885863485254,2406010.8647283446,-21258355.69625224
