F_mean,F_min,F_max,F_sum,F_prod,F_std,F_mc,F_zc,F_iqr,F_skew,F_25,F_75,F_kr,F_seg,F_sep
0.9692569216589133,0.259691506624222,2.06930232048035,581.554152995348,3.1244312074487404e-30,0.3809484165751267,0.0,0,0.5983390510082225,0.4039441051920187,0.647710502147675,1.2460495531558975,-0.6935450744467264,650.6032840687944,-224.59595545940178
-0.05906470259108269,-1.35465049743652,0.834929227828979,-35.438821554649614,0.0,0.359844107515397,0.0,66,0.48948869109153725,-0.8082762228247242,-0.28428982198238323,0.205198869109154,0.3739765857524091,79.65636470172166,91.71895439169569
-0.2068448944329672,-1.58781504631042,0.432590156793594,-124.10693665978032,0.0,0.26555445250688975,0.0,46,0.3184334319084879,-0.9879820752114779,-0.347022712230682,-0.0285892803221941,2.7660561154534733,67.91186739228533,82.33525571268939
1.8195044507583165,-175.482986450195,274.480407714844,1091.7026704549899,-inf,56.54600636442053,0.0,54,77.142333984375,0.4585694431795967,-38.6208038330078,38.5215301513672,1.5316921799137333,1917259.4084910867,-17029305.621493727
-5.574284900973215,-160.590759277344,94.8047409057617,-3344.570940583929,-inf,40.064825740146496,0.0,36,58.9141826629639,-0.08095730243669746,-34.101505279541,24.8126773834229,0.06295518659777644,980152.5579857249,-7923496.525257118
1.1609192325671787,-165.105316162109,211.945465087891,696.5515395403072,-inf,65.28090847287199,0.00333889816360601,71,79.6600341796875,-0.006819576820219158,-40.4288024902344,39.2312316894531,0.11703323834899271,2553505.2496937755,-23313010.67240565
