F_mean,F_min,F_max,F_sum,F_prod,F_std,F_mc,F_zc,F_iqr,F_skew,F_25,F_75,F_kr,F_seg,F_sep
0.9528204829742513,0.20818455517292,1.94568562507629,571.6922897845508,8.472596089076394e-33,0.3589129274581007,0.0,0,0.5700101852416999,0.39460053759816804,0.65114426612854,1.22115445137024,-0.7529411549234748,621.8823988736011,-175.18913958992
-0.09505704970778123,-1.33293569087982,0.744450747966766,-57.034229824668735,-0.0,0.3549549953962165,-0.00333889816360601,51,0.489488683640957,-0.8253455090700673,-0.334957771003246,0.154530912637711,0.025036552531593426,80.89134182476863,89.02074675712038
-0.20067753461771642,-1.15957701206207,0.245922297239304,-120.40652077062985,0.0,0.2339723468156796,0.0,42,0.31568831205368014,-0.8163175105461262,-0.34793774783611275,-0.0322494357824326,0.6248949171759413,56.95397612573442,81.99032236102838
0.26994380503893695,-114.252517700195,108.916427612305,161.96628302336217,-inf,48.04447935806204,0.0,50,79.0557861328125,0.05922817361953936,-39.4264678955078,39.6293182373047,-0.9072017292505894,1382698.647870288,-11383034.269454844
-3.5675100795924375,-134.003845214844,82.7197799682617,-2140.5060477554625,-inf,39.56797902144243,-0.00333889816360601,41,49.54833984375,-0.3043994636093889,-26.0448665618896,23.5034732818604,0.28415183393838594,945445.6302417399,-7691738.818354879
3.474517856029198,-166.716644287109,185.358551025391,2084.7107136175186,inf,66.52986185844233,0.0,64,91.5435791015625,0.19786817955099126,-45.5649108886719,45.9786682128906,-0.2861450001366581,2658550.6534222676,-24096216.05457114
